nll,pi_aa,pi_cc,pi_gg,pi_tt,pi_ac,pi_ag,pi_at,pi_cg,pi_ct,pi_gt,s_0,s_1,s_2,s_3,s_4,s_5,s_6,s_7,s_8,s_9,s_10,s_11,s_12,s_13,s_14,s_15,s_16,s_17,s_18,s_19,s_20,s_21,s_22,s_23
27427.763292139687,0.08561,0.038713,0.041,0.091537,0.11441399999999999,0.121315,0.177566,0.08446100000000001,0.126098,0.119286,1.7465308914714528,0.18251421592557032,7.936280594594335,3.3438062082324325,1.7191095968725143,13.026466431649515,0.3688838596494331,2.700598836859626,3.447602732736839,7.911282720315548,8.3922709502007,1.5735024545827727,0.8202769632038106,6.52993286474714,0.19699811204630374,6.421955243983506,1.4970366645147504,2.0279618400264856,5.913369239046386,1.5187436216567,0.26639942041118136,0.8880699305511162,7.122098152066182,0.5038498352548035
27146.487471199103,0.08676,0.035208,0.036609,0.089918,0.119113,0.124799,0.18184699999999998,0.08418400000000001,0.120367,0.121195,2.855434534154307,0.362530803793061,6.9955939104261535,6.6566451787472465,3.130510350958727,14.044532959815141,1.2541292401667195,1.9287675654428391,3.1048258838448843,6.276389578513936,8.914043260718707,0.7230277958833364,1.3222429040518926,5.272312949766286,0.19833942809082342,6.599471253197643,0.9601351762143926,1.8672292184559125,5.074428595662151,1.447594616178383,0.09059262652272945,1.7653027975234206,10.696724985024549,1.2148703564869292
27386.025949345698,0.088189,0.038837,0.043892,0.090944,0.11941299999999999,0.122883,0.180859,0.07953199999999999,0.123851,0.1116,2.196925421831061,0.7192816178315945,8.101312700588709,8.90858330456025,0.6082790390811876,13.567078102483515,0.7155944431119106,6.212691757073258,3.115670918216084,6.586479111532027,9.620239896416155,1.9071346148166537,0.9166101650229572,4.843999625646322,0.20569212448635948,4.591162834371846,1.1365551242952074,2.7844088326103056,6.194154641764436,0.9524636579549787,0.47862748617914247,1.7708763511130763,7.364711806184444,1.1144947765843471
27250.179675382737,0.087504,0.039623,0.043011,0.088308,0.11962500000000001,0.12301200000000001,0.173007,0.08141,0.121777,0.122723,3.819788466720531,0.543494258198268,6.057820948635587,2.08971973532247,2.4101611691931235,12.362721729852455,0.7526920815188931,2.687392888160551,3.2488788273229523,6.923452484288076,9.866782740353829,1.8282175836363617,0.8135794113697196,6.807851786951022,0.6125227870269607,6.821591689438122,1.135497728771726,1.0140280356007245,6.9598306695700884,1.4191992845551566,0.18180839950430178,0.8136088948113394,5.9810215241093285,1.5866275146313187
27455.775812693042,0.08625,0.04249,0.045505,0.091847,0.125085,0.117919,0.169145,0.083026,0.115868,0.122865,5.390675745696773,0.19365457203072567,9.549535377596246,3.5654864064241276,3.853650371907651,13.453909625299769,1.0855196086186543,2.030734197700242,2.0366493449364627,5.903048100213985,11.051208545720378,1.8683242815154526,0.7898452301383876,4.510062987707997,1.0002768637190017e-10,5.22503829206836,1.162573494002194,2.1703367054847025,5.075919225207548,1.9824216350536525,0.4680662198398092,1.0100749973059246,7.432616134276227,0.8147518613515525
27635.443094494633,0.084442,0.040919,0.041807,0.092824,0.116882,0.122814,0.182976,0.080267,0.111451,0.125618,3.1255310276376993,0.1767576296927376,7.483690072666045,5.620184359779559,3.8573569965890506,10.975692286075926,0.7121725795087687,2.151650103082671,1.3767607805093252,8.530437961005477,10.065385313895494,2.1810656285205434,1.1353958762405696,4.814139666726751,1.000127036976254e-10,4.598662005446575,0.8080120731419226,2.2002499842767285,6.489743511403735,1.4183997300938758,0.15785513759571576,2.0281813577921937,7.901662214809414,1.4307767677644894
27383.33424123422,0.086406,0.0427,0.047202,0.094299,0.119089,0.119786,0.17100100000000001,0.081707,0.119047,0.11876300000000001,2.6778506237836757,0.7603119319501916,8.172498144390238,5.111400367907344,2.801574889705475,13.047742611481917,1.0368168404112497,2.046190983168872,2.109485794129627,7.517846621007741,7.717141413818321,1.9442714707717526,0.964138294811428,4.844024352813599,0.3994819495420439,6.803672229859194,0.8645660005048568,2.404861726618053,5.537033755115732,1.6413930318959347,0.29012252949662976,2.838069489538974,7.131001960952757,1.2481932150668893
27452.781288772785,0.085326,0.040585,0.039902,0.08412,0.118253,0.123944,0.172513,0.083604,0.122802,0.128951,1.4625880518607632,0.17146859525840777,6.881535680623882,4.249176821340153,3.2807898359643377,16.30595547486597,9.996256041622024e-11,2.1896566460737468,1.7625091711163825,8.024372928186056,9.482741682552899,1.7275825194954466,1.7848907508685163,6.693628653911677,9.996256041622024e-11,5.715908965141473,0.8763339156486476,0.7311543222898523,3.999187463305162,1.5932111772233346,0.16984335452788238,1.9900813068432885,9.07736489505155,1.771365693343527
27219.20731946318,0.089228,0.039327,0.042095,0.090276,0.122679,0.12240100000000001,0.17689300000000002,0.07902,0.120396,0.117685,3.2505507630397354,0.3615065215750094,7.942460663386417,6.236445133750745,2.4600107079150195,13.515164624424818,0.3861383723071888,2.292755862848624,3.602441736851428,8.706341422071523,10.5160503079317,1.1177969348662167,1.325467021392273,5.697567169704181,0.40461691770423897,4.86645971954934,0.7311986540630936,2.238292830410513,3.430307411699734,1.109644696554514,0.18853842206349417,0.8325350338738956,9.162750357370866,0.9730576022571974
27029.105302060532,0.087688,0.039801,0.045801,0.087072,0.11523800000000001,0.128222,0.180969,0.08312,0.112758,0.11933099999999999,1.8424609359247497,0.9164918741952275,7.978092052111849,1.3636151857550498,1.0006543402072737e-10,15.066316285327906,0.6963731606661541,2.1872208439620344,2.2587855938122923,8.138321491331764,10.36281438835312,3.2041649339868603,0.9810093169373928,4.966884022707857,1.0006543402072737e-10,6.375319646843025,1.2470615788252757,1.9555050572685988,6.228250010502353,1.7224434006636165,0.19160794647715015,1.317219432250239,6.887144061193671,1.2360431700168752
27517.651714566848,0.087355,0.039328,0.043503,0.092846,0.118297,0.125378,0.16756,0.084085,0.11852499999999999,0.123123,2.5541969490048753,0.516727261849483,8.74473565598447,5.675018990194404,3.957566018811824,16.09840245136869,0.6983230053634796,1.5622866509381448,1.7749741026127412,8.447712215412393,11.249670302007557,2.14027587666459,1.018710376975434,4.76121567694164,1.0010166061883628e-10,4.447326687784267,0.9887298165612787,3.385871445187557,5.022480044440739,1.32249873046884,0.18539487203200175,1.5211400881478756,5.836421873629563,1.040599482799875
27357.318394969883,0.088402,0.0396,0.046501,0.088126,0.120972,0.12262,0.173493,0.081093,0.116991,0.122202,3.4526101702638146,0.17855583543690623,8.08588445338187,2.851737782309618,1.7877398914006812,13.199016855054523,1.0003254049581309e-10,1.0376882453289664,4.393472383387408,7.160438000901779,11.152753869502096,2.00107636730522,0.7864657093171994,4.930488507960123,1.0003254049581309e-10,6.218747329104032,2.018412824846359,1.7551651319924633,4.400722654752087,1.4295468131557123,0.09137444804333616,1.63888700047549,8.910087134437754,1.2167714690499134
27390.092470751086,0.081311,0.040506,0.041302,0.092996,0.10772899999999999,0.12911299999999998,0.17708800000000002,0.08868200000000001,0.120171,0.121102,2.8476742641066353,0.35302565975001426,8.060573195388928,3.908266659461639,1.6139255290558963,18.7146629330711,0.3566560797391816,1.0003688049596018e-10,3.0746517065898864,6.791011617212589,9.316420282859221,2.5301260970641466,1.2310464642803545,5.8371101523227455,0.20430562447578204,7.095293765484183,0.8439442237111996,2.3017007297928846,5.060908531116327,0.6262499036696009,0.18010161315225529,1.7823659303403185,6.680383607050799,1.6910549970989752
27312.59914664921,0.088332,0.037812,0.044491,0.094516,0.121023,0.1175,0.169769,0.078225,0.12085199999999999,0.12747999999999998,2.190827681122227,0.5559081276578892,8.39838150979992,2.9682357967385182,4.013928659862737,14.514665445812929,1.1319696031131163,5.044846935598166,1.3810273929584345,8.167593833084702,10.17193832502855,1.6154922145978003,1.9298350845574483,5.143349273761905,1.0008565694287512e-10,4.285534995577252,1.0817974960124843,3.4048976664282096,4.868506519294389,1.5296227401920353,1.0008565694287512e-10,1.0240270847498387,7.893253753192015,0.8888015237656086
27191.199175614543,0.086387,0.043568,0.042896,0.089827,0.11229800000000001,0.121081,0.179581,0.086401,0.112557,0.125404,4.410812729333296,0.1935065647654301,8.993816742422835,5.321487282243469,2.6481540918364774,14.389071148477269,0.7730669260014852,2.6868111443345883,1.4909822749018975,7.4935178258593025,9.91589607569757,2.3380406077516196,0.7395767825109065,5.987733576212367,0.20578994435134304,5.117606984108411,0.8393726690950852,2.1240489362686517,4.508833975777795,1.4916255390030322,0.35902767211920666,1.035906099156574,6.344329364144286,1.1442397772913702
27448.083781038484,0.092058,0.036996,0.041599,0.092379,0.111965,0.122124,0.173831,0.082118,0.12354799999999999,0.123382,1.452915743793596,0.3299121818055993,7.496126161372599,3.1800505122430702,3.0133152185208516,16.541034052131273,0.7331892611298509,2.1643414285029015,3.6477846904716316,8.633153095775555,8.590839402999553,3.2875449657431393,0.6853114358610715,5.687263251329954,0.4070908077413144,5.431727550400815,0.7044982560262304,2.421756186504506,5.21607707306899,1.5701670286059195,1.0011343376202485e-10,2.393658886820327,7.614655854565623,0.49156197670146573
27485.633488940715,0.090785,0.040771,0.040471,0.091569,0.115902,0.121192,0.178738,0.083404,0.11684800000000001,0.12032000000000001,3.931594015731977,0.17188146905561313,7.752601965593992,6.03452474049983,2.748573454451824,13.298830784398833,0.3752025782992865,6.151803612554027,3.421392409600099,5.635412518656869,9.415664744961648,2.042325164350797,0.9318253220200747,5.2652122741334475,0.3914648360397811,4.843219163692628,0.6073246270285215,2.2261359910475274,5.815628909978735,1.897425378741262,0.25889095950969215,0.5632818092527695,10.060054636995517,0.8065198048710484
27501.129498246766,0.086195,0.039394,0.041901,0.087101,0.115707,0.12823400000000001,0.171489,0.086974,0.118115,0.12489,2.6147254929155697,0.33735335115648285,9.255337902460397,4.86647666412585,1.1227122059257992,13.070607705441622,1.0423282404777336,3.524078895282365,1.7818276669884872,7.694935089038298,11.331917013437929,1.8801601978702618,1.3706982079355468,6.2648764917362385,9.993135136900092e-11,6.134547832837816,0.9296455532386344,2.8257407769545804,4.295540761456651,1.102330438414966,0.17466062917075956,1.4522564865861571,6.0140063073738705,0.7623089639842028
27343.032364066403,0.081432,0.037115,0.042497,0.091554,0.115758,0.122584,0.176479,0.080779,0.124454,0.12734800000000002,1.4325514081736437,0.7720954093600824,8.267434960316242,3.993406373627942,5.135000104935257,14.454866461324137,9.990107210838066e-11,3.8730543215226505,2.1174818963942195,7.645187860603085,9.599260734426212,1.6359710948639805,0.9430127679549292,5.512353498989873,9.990107210838066e-11,4.920977959045347,0.8034191550482377,1.7567239657118765,4.669258767685477,1.817255997426354,0.17248849538645242,1.7002283909275087,9.29166184921867,1.4451305522124112
26979.138685245176,0.088901,0.040823,0.041702,0.091315,0.117072,0.119382,0.176416,0.08460100000000001,0.118089,0.121699,2.8744336185121226,0.39305722516196795,7.770764946381819,5.261314358632401,4.829117034776881,13.847678401310786,1.0000601987637617e-10,5.472111711818485,3.320060553055881,7.932709349266904,8.627554583068667,1.6961450542499528,1.053990021421068,6.098592720045744,0.4224370329162499,6.261111281884334,0.8007107054480289,1.8745863111020327,3.9255519884992984,0.9133877308896889,1.0000601987637617e-10,1.9025216124135276,8.636248935167206,0.5856313159834301
27238.43500862866,0.088581,0.038888,0.042505,0.088224,0.115624,0.124713,0.170382,0.088364,0.119487,0.123232,2.749574516037161,0.7248721880728927,6.63987819681195,3.1585887674303113,1.1759057340226593,16.889521757732822,0.37712603321196325,2.1425302351198283,3.048854181681051,7.460771147737489,12.444335928425435,1.654392325451211,0.6904690551384549,6.314144841412141,1.0010962188979988e-10,6.790654319225677,0.5650567285536239,1.9938524696330124,4.696033365675481,1.4728068455112453,0.28611966218567,1.5141666577516542,7.467634267546056,0.811617623514871
27103.92486481021,0.086498,0.035995,0.040608,0.08936,0.116707,0.124223,0.171416,0.085841,0.12110499999999999,0.128247,3.22810238559717,0.18751132203531948,5.881924394152797,3.704946364758775,3.9860928763208325,13.573271857179005,0.7978338615946337,4.675957664058663,2.3370345172588958,8.44258740094553,9.428262354377804,1.4157828511451267,0.7018066837796958,5.996110630130318,0.20589819802232842,6.3617167655078815,1.0429887346876567,1.525307376550186,4.856122147760641,1.9563755282269268,9.999051786932848e-11,1.747739345334858,9.451973008073901,0.661895563304431
27104.843470425876,0.088039,0.035913,0.041717,0.092419,0.121508,0.121288,0.17219099999999998,0.077584,0.121821,0.12752,5.105139770911734,0.3803679562200594,7.313928210173487,5.03228746846004,3.3982058253873753,15.536402053750288,0.39400237179844194,3.02849437701206,3.0109055762009924,8.604541209992378,11.007497370582803,1.5446882744349244,0.2738244975421313,5.015015925766836,1.0004390246938317e-10,5.049443613534383,0.4838780790868277,2.362390800161227,4.441130729229195,1.3480723848272138,0.27770011437656206,1.7117528965991824,7.553473871580344,0.9115475871673633
27236.787852364047,0.085705,0.037382,0.044106,0.089012,0.115561,0.12320300000000001,0.178222,0.08268500000000001,0.11963,0.124494,2.3946147632069574,0.19121630734704892,7.13010373234126,3.077341762686425,0.6457135545503138,19.312257388077725,1.0798207793085408,2.69165748211533,3.980788179090357,8.104041567574278,9.867997088372517,1.6025649993180047,1.11531043542879,4.896816718605438,0.8307179244113404,6.245954554767366,1.0795391565455452,1.7721274943507688,6.203528038113567,1.3012635422903056,0.08881450612140573,1.0075289997844112,6.733409868343915,1.1980495442976822
27318.19197272988,0.091164,0.03798,0.041603,0.085397,0.12172,0.125085,0.173048,0.087223,0.116485,0.12029500000000001,2.448624915044381,0.16856399985148543,9.053636099635721,6.358681598373751,1.1848604287412492,15.292783796773021,0.3699148036621082,0.5243445693635935,2.6884858649392656,6.031938286026771,10.8301158005019,1.8754986641786453,0.8948643429126432,6.170980381167048,0.1798733115997568,5.7535631170508825,1.0731972785154167,2.111166091455185,4.354643963406197,1.9124986989289903,0.09315616687180492,0.9322314238568464,8.52354178157393,1.0993077802088493
27564.575928667502,0.089185,0.037909,0.039203,0.089601,0.123358,0.125395,0.176513,0.081295,0.121435,0.116106,1.324644179318496,0.3272561608319716,7.628653689255279,3.449811953430406,3.509238122899763,16.29817724333619,0.37952061249614205,2.2698904189622935,2.807685817867565,8.61465701901295,10.223500526116018,1.7499322466228409,0.9448300551605167,5.390931188861374,0.1828157542295792,5.093274144620041,0.4953378385831747,2.4981142735801267,6.659469745941973,1.9465803230467538,9.996267595176917e-11,0.9234368982434057,7.460371030502831,0.5216644342908919
27459.80093968879,0.088781,0.04106,0.042495,0.085747,0.11592,0.12195700000000001,0.173707,0.085176,0.120831,0.12432599999999999,1.4558485182240914,0.5181690026804692,8.230302742456063,3.973273007956346,1.0631197947784794,14.951497287976483,1.0000102919437551e-10,4.200023278738473,2.465693374035411,8.059091034814658,8.879632709045232,2.1222498431633747,0.5324564161264653,6.739576121372331,1.0000102919437551e-10,5.917319546127207,1.4207489208407236,1.9835386578030216,5.09754160496043,1.9601957043290865,0.17330536176493658,1.995873460849923,5.852712931051401,0.7495672082234267
27307.84888763492,0.086491,0.039624,0.042199,0.088711,0.12184299999999999,0.12011,0.169707,0.083981,0.122,0.125334,2.580464169215251,0.37907662062423975,7.894536594939211,4.875010849146605,2.905260128120284,14.330025931150079,9.999230639551999e-11,2.767702315720653,4.403981773989275,6.651809325040985,10.594495712099656,3.315630704182637,0.6705610629220894,5.678564682533938,0.5743014560691653,5.653890736423145,0.5743674334407631,2.138519286678957,5.347459478898257,1.1331262428936948,9.999230639551999e-11,1.9129504934450536,7.227031271345851,1.0256703074345639
27221.577031685752,0.083898,0.040203,0.039694,0.091845,0.11661099999999999,0.12394,0.176865,0.080189,0.12073500000000001,0.12602000000000002,2.8147189243503146,0.5673431339088503,8.05949837513091,4.184986409760873,4.909678813832918,16.341111560099222,1.000977270425712e-10,3.6773396977656487,1.967803776840593,5.941781907846919,9.716891227501785,2.546149857981456,1.0907573012686924,6.292642346964837,0.21475978691187925,2.794000551456019,0.9792600139956984,1.9693870687129738,6.312679568798575,1.1933934229585965,0.17361939881362545,1.627140598799605,9.63554119527541,0.520035501096333
27529.12256581443,0.087101,0.037559,0.043697,0.089815,0.117511,0.12243599999999999,0.173495,0.08280399999999999,0.120315,0.12526700000000002,2.1799982578071346,0.3553546479796125,6.906273098604314,4.644620235696454,4.209636515560128,11.592990137696082,9.994050360589433e-11,2.5711285959674237,1.0069302318372226,8.521610704129593,11.378851389335244,1.4970634690080695,1.1759931334517535,5.029880731949694,0.1915097908841568,6.7061844488896165,1.1470107446245683,2.5911883375126803,5.346798824812873,1.880909623211997,0.2572572169379623,1.5002135331441147,6.83469785901417,1.1060468452101893
27008.06598402913,0.086193,0.043024,0.0434,0.087175,0.11678,0.11748600000000001,0.17446899999999999,0.085024,0.122778,0.123671,3.782276080676182,0.41791824930242716,6.466283724689199,3.3387419915495955,1.752926462258621,12.510667176211294,1.0025769685307555e-10,3.404775478530256,3.9474133170328134,8.694736907994123,10.461479943697986,1.190354213402025,1.2246305176489614,5.163786146583822,0.21272063769321103,5.428304927375974,1.1336218983700694,2.126095380309486,6.099749907633708,1.080250180719155,0.19765848080217102,0.4033888920939388,9.213824212664669,1.1085132681233123
27022.45826109289,0.083314,0.039389,0.042058,0.084483,0.115772,0.12310499999999999,0.177262,0.081838,0.124211,0.12856800000000002,2.1009405638152354,0.20068219814529556,6.640897127874737,1.3211878411264804,1.8898537731400642,14.016429766882869,9.997409241911991e-11,1.1694749660193329,4.123774963994222,7.8971976221907445,11.684714026375467,1.6764400158611126,1.0009126744118892,5.28171821136749,9.997409241911991e-11,6.08289585143947,0.7501433806278086,2.220618088977334,6.0327210836970275,1.7554987437374245,0.0894674197204387,2.2150370685288916,9.100962480196843,0.6371998807243363
27524.698484905923,0.084569,0.042299,0.040597,0.090184,0.115697,0.122198,0.180844,0.080711,0.121784,0.121117,2.6637680274803213,1.0010476119481561e-10,8.00808500857772,3.0256864992149444,3.316191769485616,13.250649593369056,1.0010476119481561e-10,2.2414362572744544,3.0372060338610862,6.8496168883611555,11.095139341419163,1.3595304930438232,0.788797210357987,5.271392290040442,0.19467145999075844,4.8958618567407015,0.9301754850351721,3.0333562382803616,5.555937972698162,1.6850771611171362,0.2543304179293509,1.5057820498820091,9.319048097059463,0.8709874477288239
27359.01394534077,0.084882,0.041476,0.039599,0.087271,0.11819299999999999,0.11971100000000001,0.17683,0.084486,0.121642,0.12591000000000002,3.411303377007391,0.5653392609219837,7.643998508731716,4.202836478128022,1.574862668421923,16.05667128223684,0.40468607480123225,1.1187768577666293,3.030915862261636,8.065011306961898,11.69078064053305,1.2107898609513263,0.40572977205053024,5.119306500485644,0.1887745549712472,6.506781113506162,0.987528581595458,2.430718652864148,3.6707792231300287,0.9725728314184807,0.0856450614694569,2.5965273817027046,8.044644168428196,0.7474113817268628
27332.487764321002,0.088642,0.04018,0.042994,0.088333,0.116839,0.116913,0.17543399999999998,0.080174,0.125263,0.125228,3.169800894644418,0.5563732557606935,7.560463006224521,3.702100017928708,1.811057704720414,17.214958173142147,0.37578239825685356,2.752396375103222,2.178740421018543,9.795997259174985,11.601823489862303,2.2674738023579755,0.562631852579397,4.719462021019163,1.0002417431599921e-10,4.100702205407857,1.129836675793092,2.676213428731143,4.35188616617427,1.0582462350428563,0.17446775266792902,1.731582030164257,7.477186486143771,0.6149784246352401
27233.204519375195,0.093506,0.039111,0.042679,0.089804,0.116813,0.12132899999999999,0.170022,0.081405,0.116957,0.128374,2.9345041341256044,0.5264324624213637,8.10052028693026,2.9778570468615397,2.4642083823369036,20.79776336038829,0.768469066659651,2.2885001217692733,2.5468832584597014,9.064019366178684,7.991030189505225,0.8548781016926866,1.2723171198567547,6.613140421726346,1.0003327307836558e-10,5.680614285909432,0.4817372922625747,2.3871831599390503,3.9403823813128263,1.5008431448476716,0.27235654637673723,2.290226970335325,6.431753359230743,0.7899031779577552
27326.561529117298,0.085535,0.038574,0.045202,0.092073,0.121169,0.118603,0.175899,0.080999,0.117756,0.12419,4.012501551381238,0.38972512700076745,7.186719086659519,5.096823824215184,3.8309642712071783,12.537485802804369,1.0884334501834814,3.0978415183181935,2.104916732350499,7.15559348662675,8.739613152239725,1.3677798685910596,0.6846576887598662,5.535701772362114,0.19769485752911226,6.094940207287515,1.1265509744202586,1.0314587737437784,8.1824198980569,1.9050591178751701,0.26909550863839643,0.8184146804468352,7.019865176526156,0.26606936905749845
27922.80486275566,0.08622,0.03794,0.043722,0.091524,0.11360200000000001,0.12173400000000001,0.182944,0.08388899999999999,0.118228,0.120197,1.742872377964358,0.32038573597336184,6.488989123668304,6.028749194116902,2.1322958493656023,15.310896989225643,0.9809262250849478,3.227655388157336,1.9533131857167396,9.697516436426763,11.920416397921308,2.47606818521082,0.7410995294808161,4.045776634008593,0.7196103964366467,5.866683566209092,0.8400650923338199,1.5061374798282843,5.626704400794343,0.9483894269129666,0.15790746038109782,1.0492141110416195,8.457024257461335,0.9690391640870745
27342.468011145786,0.086398,0.041587,0.042077,0.087855,0.112125,0.123652,0.179713,0.081311,0.123031,0.122251,2.9930271475604493,1.000422093436005e-10,8.482979398956461,4.07470594067776,2.795769889925163,16.601200765757255,0.36799426845147915,2.7717304153854503,3.39535163610113,8.022841350820952,9.616694065358956,1.4328937201757115,1.938180368486857,4.560591081900906,0.6286881571117595,6.670517704388953,0.5207771224137202,1.5227736140378978,6.374415826684626,1.1296993502105255,0.17534393940981674,0.9688610170718372,6.153589133355965,0.7695992947211829
27275.113981770664,0.086684,0.042185,0.045099,0.092076,0.112122,0.120484,0.17781000000000002,0.08158399999999999,0.121038,0.120918,2.678671720586916,0.38373213635186876,7.097611639422928,5.9505513309478335,2.2807017160445655,12.72315547421129,1.0059350712790063e-10,4.896168367001602,2.933885942181941,5.835303738815033,7.928233419507559,1.2559246089252099,1.328842436426285,6.117246017177811,1.0059350712790063e-10,6.941780951602573,0.9322585645516646,2.4251647459058505,7.018170278739113,1.6645720409154559,0.091945776674205,1.0098489383705214,8.50198874380264,1.0860724994582363
27487.64499302201,0.084681,0.038813,0.043497,0.091727,0.119394,0.119287,0.181,0.082115,0.119157,0.12032899999999999,4.050092082164827,0.7287019908101863,7.580610796226713,5.7434312685989175,2.3377386048090836,14.96699315104078,0.3608785218621893,2.652501973058852,2.4940845413467674,7.013691162348463,9.906099110902927,1.5306648543271217,0.922260906678176,4.338597504041089,0.5528591047164004,5.672979303530759,0.9510020200329455,1.707920470639143,6.793855129114916,1.3946141676901131,1.0013854033639043e-10,0.9536235616423924,8.149346760879496,1.2881927307588834
26930.746380095075,0.0834,0.035866,0.043103,0.089283,0.119373,0.121625,0.176184,0.082431,0.120432,0.128303,2.5296698193405036,1.0018164780712606e-10,5.291664680613163,4.362384607525078,0.6988982896179504,18.11090336578791,1.0018164780712606e-10,2.856855106504766,3.7529537258723984,7.595614989347186,10.403816404721901,2.185328756299249,0.7159478757713268,5.684222304427067,0.8580227053091394,5.096307572948166,1.1733174734811824,2.7061603808615984,6.060887991618223,1.177409550181142,1.0018164780712606e-10,1.6910304359012025,9.27374175828891,0.8055279475167456
27190.12507706913,0.0859,0.038718,0.040798,0.091997,0.11262,0.12031700000000001,0.181421,0.08424799999999999,0.12021599999999999,0.123765,2.446660858014633,0.5826014386571529,8.380113509957551,3.1014626090478776,3.6847638978187134,15.484971227245495,1.0008296798697508e-10,4.092604185979992,3.1626399813049795,7.259134519304445,9.768224241193739,2.094112890014315,1.4644446951201435,5.615214493423593,0.8412519896527586,5.251260897813565,0.9128962606684579,1.9570754432690898,5.577735412321834,1.525946300733751,1.0008296798697508e-10,1.5526579953587876,5.90659912424508,0.8039964512854482
27132.811507580696,0.090595,0.040096,0.042317,0.082611,0.118088,0.121309,0.179036,0.088177,0.11479700000000001,0.122974,1.8984131369997022,0.7370092130186758,5.729488907150119,4.233514542629243,3.9702442131852766,14.503696891022711,9.990548919988009e-11,2.2220829049316317,4.608725989590443,8.42272884939774,11.526927403061277,2.980962585261329,1.2705216660119434,5.667429823866618,0.39374208146194206,3.8907365548157578,0.37151487709916525,2.4619011957592516,8.244864405986375,1.5806444484067421,9.990548919988009e-11,0.9816801182749586,6.883375170884217,0.8530883969929409
27392.481932013103,0.086365,0.043045,0.045101,0.088444,0.11377999999999999,0.12140000000000001,0.178527,0.082603,0.12073500000000001,0.12,4.3541430002423445,1.0002372863444417e-10,7.031395487950177,4.7498251801069555,1.6374895281759012,15.959138016636755,1.0002372863444417e-10,4.120422059688149,3.5958828831670604,6.988874051787625,10.033925927772232,1.830789769601487,0.7026861014825712,5.7470510167445585,0.20579417114043705,4.937429749872016,0.8051463775605768,1.1584611308510346,5.973826888895014,1.2574307442763204,0.18036837298142064,1.7564420927245716,8.95529474127719,1.068658706032312
27651.525598045206,0.087663,0.038988,0.038696,0.093326,0.11829999999999999,0.12420199999999999,0.164137,0.083284,0.12393499999999999,0.127469,2.821829851447652,0.660394281905246,8.375884388381646,3.9186177311541206,4.57690004309868,17.577358978477083,1.0014703984189826e-10,2.7138245810486934,2.1971606324657165,7.210398674183456,8.419723417404256,1.3674119646365497,0.9797446615188604,6.844199554831339,0.36402767609280623,5.083561296929335,1.1539718305358755,2.630953872291981,5.297841209476191,1.152426235688775,0.08466957726392497,1.0509280243565584,6.6769350553956235,0.9178888421375209
27556.825459937954,0.088185,0.040028,0.041696,0.090568,0.113819,0.118694,0.170425,0.085292,0.12718400000000002,0.124109,2.236342294077403,0.18033771641628846,7.934303443835029,3.6592933059758566,3.8222962926267083,15.36556597926036,2.2557568367565177,2.593163076815467,1.7824772126479258,8.694209016454032,9.328095282428915,1.6625100154348462,0.6902457405635751,4.637441767806917,0.5810417765131294,4.639989299373665,0.9241160296292668,3.718410565942913,5.473906308723307,1.4591634932983355,0.2658917052637702,1.035935407738744,7.070290323519567,1.6560410237946142
27534.064831085307,0.081802,0.038413,0.041002,0.092666,0.12021599999999999,0.118395,0.181309,0.083775,0.117871,0.124551,2.955434172348375,0.5688694437893742,8.886813264284296,6.160357822290197,1.6805043317460233,15.398472990777996,1.0035192892159312e-10,2.1320796395224613,2.1662956663294044,7.553574635140193,9.74926564986854,1.7420662806744849,1.2837399539212504,5.126122371945263,1.0035192892159312e-10,6.062761825832032,0.6837713075971228,3.7123261042613507,4.74280702060714,1.1929683537097573,1.0035192892159312e-10,1.6822440828567045,6.143861507513328,0.9941889581885447
27227.243288864556,0.083973,0.041304,0.042796,0.085514,0.120313,0.118185,0.181727,0.081293,0.121768,0.12312700000000001,2.755881240425864,0.39881176363671555,6.101692211312967,4.302017964923366,3.50529179300163,13.581592210687411,1.5471924408473248,3.376294913894311,4.053240258283192,6.847592523856395,11.563705338033227,1.3040558172576004,0.5578919017593328,5.3300628961444865,0.2047622389246856,5.936918248194303,0.8304420979262181,2.898073322031463,5.572501815329182,1.4164624779219184,0.08884149891534775,2.003305285114366,8.097881288353113,1.181138252733364
27326.791557537457,0.085866,0.041822,0.041804,0.090538,0.119584,0.122711,0.17139700000000002,0.07878,0.120226,0.127272,3.6274754691201476,1.0004146074474361e-10,6.640720680783957,3.489692689964117,4.05599800669607,16.62546087723726,1.0004146074474361e-10,2.9583505041405442,2.9510355268427215,7.401156373473799,9.47822862206008,1.8690296389956247,1.1986754507092177,4.861196588300198,0.4118763708131495,5.840853617109713,1.2908067177268716,2.6354704555655877,6.110655564600824,1.2284833383261962,0.17788658676185662,0.8227877062780586,8.550250998065566,0.637108637600593
27314.18861630722,0.085352,0.038886,0.039582,0.095387,0.111791,0.122433,0.17526,0.08521000000000001,0.125584,0.12051500000000001,3.273368231039921,0.7450046449422579,7.245432484952503,5.966798624488192,2.871411675298162,17.30002720637828,0.3999447854647807,1.7364804285738555,4.848672526808332,7.634040614747309,9.20913587947092,2.053387744181982,0.715550496593962,4.5580606211469075,1.335327111502478e-10,5.922433687615252,0.7184698798240869,3.5449794157167624,5.3893771959449195,1.3211781791346,0.37128578636711274,1.276071932713507,6.387326003631351,0.6516155191460055
26927.039196258018,0.084303,0.036477,0.041223,0.089244,0.114281,0.13238699999999998,0.17005900000000002,0.081294,0.121834,0.128898,2.416382044099253,0.3730250939339256,8.454316065869822,4.935275369813688,3.4688962267653376,23.96253541158329,0.7697149787453941,3.7356315525636408,1.9750901350284855,6.914711290711774,10.850207140865049,1.265511324153908,0.9626464452688729,4.303363766353502,0.450261928435346,5.699246015640958,0.6498951442502962,1.3593396618473472,5.27297998402547,1.7150551492392938,0.19104686544690386,1.2748339667806323,7.96213657007899,0.799468053886447
27264.457265655838,0.088114,0.036078,0.042146,0.088866,0.112406,0.120937,0.176123,0.081696,0.12643,0.12720399999999998,3.74200300952054,0.542070275930311,7.570728213905006,7.7831260788069185,3.2629642278352167,14.308487921340474,0.37405754372275984,3.294455903797621,3.9797726410365413,7.245382106038175,11.65671351649725,1.2154080388108326,0.7064294146165406,4.63935113711323,1.00117882032882e-10,5.544399529266419,1.369907818464987,2.7311994636249826,3.1641140540030257,1.5767771943740734,0.34613315761377156,1.5114796799940957,7.643449225182426,1.0907281838067309
27238.149794308214,0.080806,0.040918,0.041801,0.088672,0.114115,0.128268,0.177736,0.084648,0.119782,0.123254,1.7160843282490112,0.5641842341140128,6.211390548195873,5.476740480532492,3.4231364845686705,15.099258940443152,0.3679560004762407,4.993704010576771,1.9337683499835292,7.870300155637794,12.064629283558277,2.1616117096643674,0.8088034809316444,5.950974708526326,0.20063437461384268,6.093445123681933,1.1243705909472197,2.73494801630384,4.366469676670409,1.4872751275298703,0.09056532546203713,0.19346087482461105,7.362018937697557,1.2008571974519777
27354.38827860084,0.084951,0.037269,0.0416,0.093491,0.120472,0.11801800000000001,0.175769,0.083492,0.12164900000000001,0.123289,3.392463833464078,0.18827872748483035,8.053360047983372,3.4286151827494753,1.7746847061304434,13.851891830471654,1.169695605034449,3.952200866783467,2.2511918221262923,6.945979616372692,7.971754343975804,2.661999526876385,1.3580535457187026,4.666262191378415,0.37918901753952244,4.488195913303513,1.111914326205992,2.7238183645519913,7.2164629823732405,1.615060227379526,0.08896680662563629,2.090832422824657,8.062811390915716,0.6409774153476576
27377.099875987817,0.091797,0.041586,0.043098,0.087712,0.115199,0.12217,0.175103,0.08229500000000001,0.11910599999999999,0.12193399999999999,3.8880039099076726,0.3445808449865985,8.006725881191702,4.846353076758977,1.7103420577533346,17.28823052031827,1.132522776849569e-10,2.161243216391671,2.563503537779136,7.101832403700579,9.218243078240148,3.127454603454088,1.5356326009456651,4.821104262624663,1.0331097401353475,6.277503405893092,0.6433317281154466,3.1332841907005,4.32238839032783,1.8650833118064043,0.3625883301155447,0.2029402409836275,6.260428189468263,1.0854469682787933
27557.88214821584,0.091127,0.041412,0.040097,0.085927,0.11140900000000001,0.124505,0.174751,0.083457,0.12046199999999999,0.126853,2.6853930734389944,0.3173415296588541,9.369966386067036,6.507659672276905,0.541164578146456,12.897132194727762,0.0,1.1207293613699405,1.6341493084566951,7.010556485621,11.085897492322971,1.3203597891380787,1.5013395348523906,4.45461190866311,0.5920295422746054,5.519161924706441,0.8188261247295803,2.4930929950236465,5.174816849560562,1.7689105134622252,0.1166623101459371,0.8303260891046881,8.531547900460623,1.7112029709454124
27277.00835507766,0.083841,0.038606,0.041796,0.088464,0.116056,0.12314800000000001,0.177366,0.087798,0.11877,0.12415500000000002,3.430002942163037,0.3765523697557262,6.947446244341259,4.7753364080483225,2.8084745013505064,15.68828286426665,1.0003443123748029e-10,4.867691140512077,1.8740431186191393,7.219806881205821,10.141527977973254,0.5356248055094215,0.8195474576842231,5.715054433367175,0.38224113984773783,6.547401499659167,1.0688308748636457,2.3654182475156884,5.36879486509638,1.207033490922544,0.08873381263890942,1.3184360636464552,7.88822470760991,1.467999568762983
27372.03539906836,0.086889,0.039485,0.043285,0.094504,0.117985,0.122922,0.179272,0.080397,0.11932000000000001,0.115941,2.657535678727111,0.5342234668373859,5.862692715490544,2.495478075068229,3.5364294621953585,17.479744334934455,1.0879950067505084,4.376035792702434,2.314089830869502,6.632750305425405,11.241281670337472,1.7670199453502309,1.0671094250430533,5.234579495758025,0.6171240595321357,5.109018864256706,1.0547916218916058,2.1518785592441465,5.3241748915786395,1.2715658234616132,0.2797879313216437,2.8643611884500997,8.065497144373422,1.399823709113271
27212.877524816624,0.088395,0.038882,0.042805,0.088826,0.111857,0.117395,0.182843,0.084397,0.118612,0.125988,3.008713282177921,0.5771431911227465,8.933614789201224,3.531579854330333,4.794640023606578,15.916985451019373,9.988555619391212e-11,2.1219586858288846,1.789177745553953,7.8027823949411985,11.917800142382024,2.470079302488123,1.048989045147282,4.174405558636052,9.988555619391212e-11,5.369577201804234,1.0121743711937476,2.0015369501929015,5.237313653835623,1.2802639912537215,0.2560308823650815,1.9779391377630735,6.136068732566142,0.6695439374822428
27134.05202524351,0.090005,0.03797,0.040703,0.08981,0.120425,0.126284,0.17140499999999997,0.08044799999999999,0.122237,0.120713,2.0398499768295113,0.3534153885608037,6.359612563178674,4.940701371363739,4.699102490357198,19.351927172717716,1.0001459451625653e-10,0.6164312942042898,2.4295041656720255,7.314405273553287,11.65211715658174,1.8485815836019341,1.1895815469938968,4.956934906710474,1.0001459451625653e-10,5.820790367220036,0.9244685394198913,1.7836770221390126,5.516279808607952,1.6307428917942985,1.0001459451625653e-10,1.2273515268865216,9.672466907323843,0.4067839514709466
27176.72938897156,0.084028,0.038933,0.046906,0.090188,0.115756,0.11909900000000001,0.176083,0.085155,0.12251599999999999,0.121336,3.3026099011088164,0.2033032026764941,7.468611844484454,2.7724202622556264,5.589359191467786,13.527718000802967,0.3631382631846077,2.004709840317607,1.4246966122703317,8.121624137545936,8.754719210488068,1.8388006274561728,1.597121588503323,5.830015741487603,0.4092300165784783,6.242189418848137,0.9594794357509007,2.9858273076052826,5.304119139312944,1.3064644983090872,0.18905455936266038,1.547538526845394,6.65323950917105,1.226459607672007
27302.179611981697,0.087793,0.03439,0.041765,0.093497,0.11571899999999999,0.120547,0.174261,0.083085,0.127959,0.12098400000000001,2.664938427714196,0.1820988478416081,8.176470522654034,3.4078013428448837,1.3466885067336798,16.09669101618008,0.765458070363759,2.2125211994921545,1.8503497508081117,7.734151199722948,8.75359134398126,1.0272275007292162,1.2398585403754898,5.730022556833901,1.0006179998290015e-10,5.751305056940627,1.0115157977528106,2.488966588889967,5.193621898877824,1.2077968296927022,0.18484401901321765,1.8243566136493456,8.456528512531749,1.2447993448292825
27083.835322514544,0.089496,0.044095,0.041804,0.087926,0.11807999999999999,0.12007100000000001,0.16999799999999998,0.082761,0.120448,0.12532100000000002,2.558466146446368,0.3820222963356535,7.104776821990139,4.0233382528046775,2.2972730682652966,16.051459294484886,0.8120682501795927,2.9586101054753815,3.1506614500635166,9.450885332774144,10.892729192792224,0.555051112992834,1.3042653446335963,5.419335000123363,0.21420783577595584,5.271178061340963,1.5162099115679293,1.239084053409388,4.020578354969808,1.1885771375658487,0.2897755788794662,1.8662364250929537,7.813873177608962,0.9516888658433799
27502.534323528347,0.083481,0.040555,0.043708,0.087678,0.111239,0.123505,0.179037,0.08237,0.120434,0.127993,2.9999360853225943,0.17949689223810159,7.108293209761087,5.043094956315435,1.0016900590212128e-10,13.006114163862629,1.3879985521158344,2.517128116620869,4.674179018707105,7.360155442542023,11.798304356316455,2.4905379187818144,1.2171636977354097,4.778525883626697,0.4046184067788326,5.158292710646399,0.7557396145364853,1.99645879083188,4.496635902458275,1.3788544635466005,0.1619598534914856,2.0947313612827845,9.62529064274906,1.1997889319933452
27172.621224698614,0.084887,0.041208,0.042599,0.086448,0.11422399999999999,0.113924,0.178958,0.08707300000000001,0.125486,0.125193,2.716352786554341,0.4158228822528402,8.391435518386938,4.214862902252835,3.93484834034956,16.369123177553256,0.40496838788500966,1.1062343523416729,2.612630018800265,6.161161708697223,6.470534898148807,1.5037999960168267,0.45707696459656283,6.424555617586888,0.412950516728216,7.326114996035827,1.0921759883654807,2.8566241429886374,4.971434955214258,1.3451090106434431,0.3553874826991587,1.673820935227767,7.823944471233634,0.7721377251831864
27707.60042090277,0.085006,0.044905,0.044001,0.080823,0.123,0.121927,0.17017300000000002,0.08483,0.12137300000000001,0.12396199999999999,1.9260802724331132,0.6943214454129127,7.1712209364617205,5.975317170124738,1.913442602461736,11.975404325804071,0.3492262921528492,1.9570635868368242,2.9881722562559325,8.487055371767845,11.398237898267002,1.4437289668459339,0.9693596977382305,5.210589700045004,0.703477331745002,6.479611365931383,0.9603633363042848,2.4608071865237053,5.8891206222483214,1.0559292847420496,0.08576085577615085,1.0631301163576017,8.3165675615479,0.717673703735148
27057.631084080054,0.088164,0.039476,0.040901,0.085654,0.117262,0.122393,0.174359,0.08443200000000001,0.119279,0.12808,2.397811267123146,0.19056855709860823,8.339021750707833,6.28936059723696,3.6204723215423464,15.238404377626663,0.4132703953146125,4.128149697579977,1.55373308268967,8.17320938537339,10.229638396924019,1.6991443023314714,1.1545003149267923,5.136608775594869,0.20824467877668545,5.169960969847874,1.6485011845026543,2.7812203676581313,4.888051703241139,1.689488547752813,0.09183759606033383,0.6205449624438474,6.0868642595622,1.0852426818253773
27406.020347529535,0.084696,0.043066,0.03911,0.092173,0.116993,0.122978,0.173933,0.08118500000000001,0.12124599999999999,0.12462000000000001,1.7290134747416972,0.3684760181883973,8.48062979939669,4.794780885959287,4.396963749597495,15.409492084279563,0.4025599052045998,3.585020858885482,3.4903495122970822,8.245584998867843,9.9514080387399,2.0097224413234414,1.065583994423786,6.297479180862844,0.6067476840232712,3.244823581669156,1.0759242894912047,1.5420858465791365,5.28614046891131,1.4504256899699957,0.17578198810592027,1.1693522488384698,6.443051808525831,0.7609314882321986
27565.14086753498,0.085315,0.037414,0.044362,0.088473,0.122012,0.118755,0.17152299999999998,0.083567,0.125694,0.122885,2.8563113729142082,0.728652159515507,7.376687856687279,4.491791738405922,2.983661492702247,12.755723648747894,0.3536134896150101,5.449666749008025,3.0132497782444125,8.79436600804499,10.972458396072074,1.8839486716787437,1.2779248420926685,5.7821667518172335,0.18591318969358467,4.4989063495050425,1.3715859969111728,2.619453883988389,5.118503889568846,0.7742538469252647,0.17744003524764768,2.124215205970828,5.433823012847532,0.8466377030142895
27729.6960825719,0.083517,0.045785,0.041593,0.085681,0.11835,0.12148700000000001,0.17535699999999999,0.082927,0.119391,0.125912,3.3138941360357066,0.35484606705610167,7.057431073406483,2.6873787852493733,1.8867466253497196,13.545790292246814,9.997455527452931e-11,2.442238571145803,2.0604441364144535,7.047201891894455,10.521793901265028,1.4982063831140604,0.8746892288620588,4.786423813351797,0.37130564354092255,5.369774648149648,1.2703625247289763,2.669843556811316,6.240323216784024,0.8523905656546152,0.24330774377998415,1.9690638188787581,10.938843542518866,1.1870092952825837
27050.286169079074,0.080977,0.041231,0.041529,0.095204,0.113285,0.121161,0.173875,0.08362800000000001,0.127928,0.12118200000000001,1.770187993728408,0.6298146061516872,10.033357056446969,3.8731021640790395,3.5608409649570145,15.2972344079953,0.417163682819738,4.274632155165163,3.658280248077892,7.1640423742544215,11.57436712334523,0.5322791039233514,0.4388356347856408,5.896622943264814,0.43096349593424077,2.8156705310770254,0.873603557258597,2.0013380898699262,5.430235746925293,2.019865006029335,0.18994585183436885,0.7658581754495395,7.442798206478112,0.3986611995310111
27744.130929465475,0.086189,0.036706,0.040701,0.089409,0.123485,0.12016299999999999,0.176226,0.081608,0.12368199999999999,0.12183100000000001,1.3008186242494766,0.33720615748528504,6.3503572978660925,4.980179139366321,2.2987534493448707,18.807536728091353,0.3526245743219764,2.623817450615714,3.4882771127999024,7.755177749849927,12.183037201010777,2.729738599738674,0.9441060964112857,5.536564202900842,0.1740724398767055,5.016686547297619,0.9898378024648143,2.497701787093313,5.495134363669987,1.1217841991761672,0.16134023592874394,0.8657950879186268,6.623846104628236,1.0421807832745693
27491.27239601067,0.083117,0.038503,0.046016,0.090489,0.1222,0.121278,0.181251,0.084225,0.11705199999999999,0.115869,2.955969008090807,0.5672835731559126,5.388513628735082,3.5894346928305088,6.959789743934083,16.004492867726004,1.0001496356030772e-10,5.3103675492464,2.138868085352184,7.353659506945991,10.171271484522952,1.612392134678293,1.1410850225816698,5.0782432280187075,0.1800859543103515,6.350293470541918,0.7714334269230609,1.8317390688452881,5.908162181867085,1.5059063884626607,0.2674632829576553,1.3370433169445313,8.015237583233107,1.808094264384167
27299.006278884543,0.088098,0.03934,0.0431,0.085941,0.116039,0.11547,0.174561,0.08638699999999999,0.12822,0.122844,2.2871563701434208,0.38453301198983797,8.01807693034558,5.07241563268363,4.5686623174855905,14.678271000893385,0.7772388025088729,2.552531672055699,3.973229790065542,7.597611323744365,8.920476984274236,1.4767924623683273,1.0166796059732572,5.329957276430186,9.999999333193837e-11,5.668331212050376,1.2683499929597406,1.7513970440406317,5.412626188554905,1.2291939346049197,0.08922868505018008,1.219199209089051,7.95027854832366,1.356680755453683
27499.231013645316,0.090468,0.039408,0.046883,0.088044,0.120141,0.113695,0.173112,0.082319,0.126227,0.119703,3.802820777142841,1.0001444333032125e-10,6.143575343914862,3.1556421131248964,2.807620224725274,14.58835953708137,0.7059004835253283,1.9537953831697545,1.677994249478321,9.820012216203871,12.308868667402402,1.417648179147456,1.091889221386735,5.257608552630893,0.5722104851947912,4.977948661966118,0.19081193056555357,1.411694987246615,6.07306423398261,1.2949363267613205,0.18226051106780428,1.4395848923239232,7.596742026473996,1.111126302273391
27536.80199119389,0.086183,0.0401,0.040099,0.094025,0.11822,0.115328,0.183082,0.08147299999999999,0.117087,0.12440300000000001,1.7919706014960655,0.5545958934939348,6.8981672090315795,4.964975091542713,3.8828408265145407,15.500731399891977,0.396792971476947,2.74508597463231,2.9794948725483175,6.6118465554515184,11.714059418464737,1.5650369895085765,1.0787198062393655,5.237394044270616,0.3839006944139636,6.098869420348886,0.7776301258927181,1.3652810956600103,5.523226136403382,2.1405724958805403,0.40318740617391685,1.7425150286571542,6.330904901404848,0.7621256933749928
27476.836300391893,0.086894,0.040516,0.041804,0.091138,0.119242,0.116706,0.174485,0.084309,0.11992,0.12498600000000001,2.51486968070438,0.367757307567095,7.760818267547523,2.319628784335597,2.711156576408233,18.226689811698034,0.3789272649601244,3.1327821007865775,3.9152882752362332,5.859281709735941,11.827495611127826,0.980018759091779,1.0748102187935724,5.198662944799974,1.000008422472269e-10,6.525797018637547,0.36536003860154137,1.7051476908677563,5.2366465011256755,1.6890886832607144,0.08514531262550945,1.6625150405399827,8.424701594268864,1.117332773735043
27558.76283040927,0.085098,0.042308,0.042402,0.090886,0.118734,0.119046,0.18009,0.07800199999999999,0.119555,0.12387899999999999,4.2542989710293915,0.5529355214002651,8.457216561860486,2.2244813865553374,4.457155803579592,10.946764176140883,0.7320913314753349,3.405320296808827,3.17734687900726,7.950369566924543,8.913787825290845,2.802007965664663,0.6522834878077945,4.503695892415069,1.0012681599433926e-10,5.643863687754987,1.4546756471586528,0.999093708621438,6.290835728437404,1.4523097011859474,0.08452574908982645,0.986674349938736,8.074682399928536,0.7504454190357719
27332.913584630795,0.088706,0.039951,0.043317,0.091798,0.11538599999999999,0.125118,0.169602,0.08165900000000001,0.11815700000000001,0.126306,6.585803242474119,0.8658740852245735,6.251844393099018,2.954778743652617,5.538627011289927,5.873802358221314,3.6831547513562306,5.079588758762549,5.118090234550977,4.746105253146021,4.575436080986483,3.432273739064658,6.373604479652027,1.9771667481235247,0.5378557576318483,4.259359817783576,1.6478877199586976,2.8359312973225412,3.823331293321669,0.7952578322622463,1.303611569986877,6.469155063417007,6.251408936601244,3.436856679964386
26905.644033175624,0.083993,0.040285,0.045193,0.09085,0.11540500000000001,0.124832,0.174412,0.082805,0.122331,0.119894,3.566830810149502,9.992063764849929e-11,6.642320737707223,4.61631294616523,1.278103298288213,19.597742968657887,1.1368964936568944,3.4532897259614144,4.787918691071778,7.752745164253535,10.670893449436642,1.5902421051945193,1.1915046510424685,5.670512969202813,0.45544065692201546,4.8887731567904575,1.184675487016587,2.9335448421572465,4.335579530094956,1.104284966646424,9.992063764849929e-11,0.8526210422972796,6.706595090919757,1.1808634326835328
27237.59088174909,0.088599,0.038987,0.043093,0.088916,0.118395,0.125879,0.172993,0.084494,0.117817,0.120827,3.812643731698075,0.5268885880941607,6.781541772744769,4.670833066870875,2.270235219409716,17.853513376857208,0.7235055745553018,2.1202191309199203,1.4910652090935124,6.593245969960239,11.902321680995488,1.838801282969318,0.7914662713306704,5.211618422777731,0.2009721561472744,7.635051582439225,0.6335849764331866,1.2915682085913591,5.07325578466763,1.45574922925587,0.284891716855037,1.18893796238087,7.536413895364873,1.245582593930763
27246.250016405225,0.082193,0.036313,0.043508,0.092601,0.123998,0.119887,0.178157,0.082198,0.118344,0.122801,2.4860384995897324,0.39546281200450356,7.458770313533994,3.8934315232855514,3.9044292110969887,16.181880977994034,0.378510158511171,3.746594869356464,2.2345700242369206,8.196932223654677,8.855258901257626,2.9502638865538873,1.3255638652659667,4.8939335596391205,0.5718594600133462,6.299236509730098,0.7341713984805008,1.597976131835649,5.3354186725884,1.026822353921284,0.27018470295560937,1.8358218490756744,7.962874391268927,0.538737074051446
27229.66928989335,0.083788,0.040351,0.040618,0.094188,0.115319,0.117918,0.179937,0.081479,0.122112,0.12429000000000001,2.860051114548506,0.5996855706795431,8.290599251623792,3.764782035375933,2.94153392808758,13.58414704633868,1.0004180090536547e-10,7.243489670858453,1.5810359049668576,7.021867773961547,9.575545495615012,1.8651824229717473,0.7228335673093442,6.184736162901784,0.4215869507826859,4.777084724552334,0.8338112490759412,1.6470131138395423,5.959923554618733,1.3605921501751916,0.17628491460052317,0.9977531819273026,7.152067313760983,1.1821092999941976
27777.02774951129,0.088205,0.039527,0.042696,0.089192,0.117715,0.12080199999999999,0.17291600000000001,0.080701,0.11863699999999999,0.129609,3.4106196539376663,0.5008775801174291,8.249155756373783,3.0035163733472006,3.2443830245249994,17.266936282532523,1.017550673416004,1.540999767009085,2.570667120249128,6.789987793708255,10.689646432339341,0.9287316483749296,1.2437736985194392,5.328138237959411,0.18964232599780195,4.463607527536697,1.191266011289156,2.0139664032570592,4.8989799176509825,1.299712269027723,0.5589292752222921,2.036466928736174,8.46797820979772,1.0425118733618766
27666.550203286522,0.086887,0.043633,0.040092,0.085011,0.119122,0.121887,0.17600500000000002,0.083897,0.1174,0.126066,3.182814520953978,0.3438189145864344,9.23063602582463,2.812270966210021,4.877825431272256,14.005182507320422,0.7395236962450196,3.073127496976188,4.959823524430552,7.22307118290183,8.782263512453865,1.3610838658399493,1.2469573619410204,3.9112882039045536,0.36380000182527683,6.582457262487277,0.7537241401290512,1.7750165277485535,5.070733683462283,1.6591529602544395,0.4090950296121549,0.9102541861878019,9.383055582287675,0.6154558677586399
27572.85866378115,0.084396,0.040503,0.045098,0.091175,0.11688799999999999,0.12079799999999999,0.17451899999999998,0.081693,0.120918,0.124012,2.2595761658614113,0.9144309052183278,7.21042444384341,2.380892370915233,3.3118342394860623,19.62536228313521,0.6842872529416637,3.526359088091075,2.987781438380115,6.820305020479996,10.013828436128138,2.639203871290901,0.6596538184862072,5.945679537987843,0.39089574704926616,4.874972680596979,0.8812424261761395,1.6884580686393262,5.230691452285513,1.592915912780047,0.2586903503005244,0.9422348748678895,8.218816477400017,0.8688649314364022
27681.861538242934,0.087081,0.039723,0.043103,0.088586,0.122138,0.122493,0.181645,0.083424,0.115512,0.11629500000000001,3.174433761846478,0.4994207641664499,7.498498063083284,4.489415495169872,2.6961080485055895,14.69842962338561,1.0276609971608677,1.0074457079910153,3.56278769939967,6.451987923800566,14.257817137402666,1.5824311787293392,0.4775765542494561,5.1010300345328625,0.17546299504124346,5.491795724210618,0.8861597611295122,1.0526486373282893,6.032955012289946,1.3759348292296998,0.16857749582321477,1.3048940947144623,7.0611036261865765,1.6156359525131037
26884.992687900736,0.083811,0.037105,0.041207,0.088924,0.11763,0.12449199999999999,0.17919200000000002,0.08361199999999999,0.119648,0.12437899999999999,2.725295647850735,1.0000127207602333e-10,9.150676853533627,2.3614236576496634,2.5813888274381718,11.99927611906858,0.8009610187046128,1.2034059216131696,4.054043429423493,9.182682724538054,10.223372786971016,1.8919641905991935,0.4234880531116511,5.950293963038965,0.4219483495323031,4.140890624967459,0.7467183903696784,2.012259734254684,5.241105678702465,1.166574051202929,0.18439653978056703,1.6713064540357454,8.851743961894055,0.5617132951692927
27137.392614481454,0.084475,0.035227,0.043297,0.088993,0.12301100000000001,0.12182899999999999,0.171927,0.077901,0.129,0.12434,2.3159544833099646,0.38841879551263037,7.375922811967827,3.1035511714970547,3.47368888215654,19.06126478997907,0.37869986902665215,1.7313090860552407,3.6631883646331516,7.491863230491819,12.689638467063224,2.3113004506075567,1.3116525627507563,6.092196470717298,0.20247184168778612,3.735806074867223,1.225700956723942,1.6869297925567355,4.863371011741659,0.8098811008483381,0.18699478802786268,0.9842072772568832,7.935826516675881,0.4973480059362814
27110.825078195023,0.087798,0.040008,0.038602,0.094636,0.117483,0.116577,0.176935,0.07811599999999999,0.1215,0.128345,3.2729586301749047,1.0001372209269146e-10,6.676449645930413,3.8375817631713582,2.4957505829360707,15.430067476507306,1.3334058458240041,3.231664698559745,4.8589836267650615,7.64523776938189,10.283735260734673,0.9761537886006205,1.6056237656866779,6.724392643164826,1.0001372209269146e-10,3.925659004308594,0.5799357050532709,2.6357990907176445,6.542554089814326,1.211623633825132,0.26300439871527725,2.3156099440435334,5.399033119916334,0.25393254095943385
27195.46438886519,0.083608,0.041239,0.04591,0.092906,0.119033,0.12268500000000002,0.166931,0.07919499999999999,0.117295,0.13119799999999998,2.0238404630289586,1.0014095860307046e-10,9.370619136109989,5.318819432258981,3.6621788114702483,19.128359306534968,0.35279455640923485,3.2882224915718132,1.3398741795956421,6.543456270083128,10.797762353738229,1.819670763280512,1.378217064732022,4.7998640168997095,0.4286387569847533,6.1036548130227875,0.6904136741717549,1.8713241828253593,4.89009045501384,1.442798762544085,0.09157812687718721,1.0830269126556569,7.782535369422579,1.1803437340497482
27243.966345318568,0.087978,0.038292,0.0457,0.092535,0.116064,0.119891,0.172717,0.081599,0.121915,0.123309,2.8434384933844354,0.8203904537371001,8.061326579643934,4.790119480510537,2.5694539866886794,11.662082573800102,0.7417667821226945,2.165603933291265,2.148816568611416,6.95445893021628,8.729611044402592,1.3675221475422856,0.6166437520509596,5.85139513340743,0.2570996751923151,5.058093066603624,1.3892322683645575,1.9575835884902208,7.173234600959785,1.4953578274254014,0.32779254530010965,1.371888510703273,8.213255575509066,1.1951026811108179
27399.403009376023,0.085304,0.038994,0.044195,0.091693,0.11891399999999999,0.117091,0.172784,0.083121,0.122905,0.124999,2.8304081451483825,0.6505421870482019,7.508415146910672,2.1010410209463006,2.591069425527761,11.81151211578974,0.9993029201702466,2.854560200486261,2.2457816084617397,8.610051618073854,9.242515208575664,1.8027192263866327,1.0316064902331648,5.876566841583816,0.3992647367204245,4.530465136823608,0.9481493709315417,2.9331980732092426,7.730461002485234,1.0960035938189099,0.2621990166563281,1.4399322789020073,6.563467588837365,0.7873777535700159
27229.041119789166,0.08922,0.038496,0.043408,0.089784,0.111971,0.12147,0.17163499999999998,0.092918,0.119897,0.121201,3.427011605123133,0.9316869194158871,6.621563962955108,3.3011914129483717,3.3607950311840566,12.643003051952517,0.38260553547768117,2.5065034697520416,3.4659437743616754,6.6971971537947335,9.086455967866668,2.411547295871193,0.5860973276566117,5.253508046692002,0.19065892881154028,6.519084385057411,1.2556288016285957,2.1579474737564355,6.442482362440079,1.8618150737535017,0.09832522714758883,0.8985698627787672,9.21102798048673,0.9717043246686753
27245.70215665362,0.084193,0.039433,0.036398,0.085874,0.119833,0.119805,0.179716,0.08823600000000001,0.12009800000000001,0.126414,2.5001942298791744,0.19011385748488163,7.512858124330501,4.439984143208481,2.797016797238789,14.649481565195645,1.3450272543777848,1.7930670194538156,2.5355677291176626,7.256494026979596,13.376784146190674,1.4061326286281313,0.8118935176227055,4.567950166149631,0.5474215378748524,6.454962863263117,0.2693473278195412,1.1050219200562843,6.008587377956856,1.342828798134928,1.0002820780728337e-10,0.7205232674436401,8.747556378812755,1.2646723753975557
27373.954635445978,0.086014,0.040522,0.043299,0.088187,0.111624,0.12300900000000001,0.176594,0.079306,0.122756,0.128689,1.9577679635741667,0.17938792860708344,8.87552480955656,2.5143425221578894,1.2179672375190878,15.11528894860913,0.711663397740346,3.8608739940691374,4.070318258418413,7.521674723150599,11.96896389239133,2.1841868124277424,1.2395941896649836,4.533872570585344,1.0013103064749971e-10,5.030233823881074,0.9566236528986808,1.9620995729430677,3.8339086700648624,1.402782209328078,0.17082009864783027,2.923242423406731,8.726440688500954,0.9526456049608206
27686.240825042813,0.085809,0.039332,0.040902,0.085213,0.120271,0.12070800000000001,0.1778,0.083637,0.122473,0.12385499999999999,3.8559442006260336,0.34847142390175273,6.614106942972772,2.9997459046389268,1.6405063589072866,14.795140414397258,0.35850987658073324,4.212721263042958,2.088207665330943,7.435600946973894,11.44987657447509,1.519541009693334,0.495001822174722,5.470626679334195,0.3616423813863604,5.245354847068558,1.1777921825039352,2.6531183663838585,5.177900241716269,1.3177812009458816,0.31878826163607604,1.565880759723124,8.434620510983736,1.068389855981711
27488.00750580176,0.08557,0.040709,0.044601,0.0878,0.11984500000000001,0.11688499999999999,0.178392,0.083978,0.118761,0.123459,2.594282714840207,0.562302393560748,5.72323923945352,2.759229011188609,2.773935592040407,16.73283688070746,0.3632571738354739,1.5058164278608905,2.8093530975120022,8.846088344930084,11.28072877745295,1.5801906759281925,0.6756227282730237,5.152170996205869,0.7535489842797177,6.033773211609864,1.7206589306936748,1.9286534821285666,4.470383057449184,1.697997334651704,0.2558997983040154,1.3382457287149423,7.130787535262341,1.293643646324211
27587.71730720185,0.091266,0.038788,0.043902,0.088882,0.112941,0.12242700000000001,0.17637199999999997,0.08560699999999999,0.113429,0.126386,3.95047889349915,0.17080359880512147,7.37077289386587,3.809797913693624,2.273567208402876,15.418185390251933,1.0000189299305452e-10,0.9569060814099857,3.2982254407713874,6.763388647432782,11.706030700344728,2.331241269264349,1.3427925473639966,6.056873184169971,1.0000189299305452e-10,6.077390281680439,0.8509748910621502,0.8832758094821592,5.267750438208076,0.8389705479095875,0.3306687055773891,2.1147091578143336,7.87358688381829,1.2857155806025649
